<?xml version="1.0" encoding="UTF-8"?>
<classpath>
	<classpathentry kind="con" path="org.eclipse.jdt.launching.JRE_CONTAINER"/>
	<classpathentry kind="src" path="src"/>
	<classpathentry kind="lib" path="lib/LeapJava.jar">
		<attributes>
			<attribute name="org.eclipse.jdt.launching.CLASSPATH_ATTR_LIBRARY_PATH_ENTRY" value="C:/Users/15301079/Desktop/Updated thesis code/v2 code/gesture-interpreter-master/lib"/>
		</attributes>
	</classpathentry>
	<classpathentry kind="output" path="bin"/>
</classpath>
